lex,english,german,portuguese
argument,to_the_point,auf_den_punkt_gebracht,a_ponto
argument,at_least,zumindest,ao_menos
argument,only,nur,apenas
argument,until,bis,até
argument,even,gerade,até_mesmo
argument,including,einschließlich,incluindo
argument,inclusive,inklusive,inclusive
argument,even,gerade,mesmo
argument,no_more_than,nicht_mehr_als,não_mais_que
argument,not_even,nicht_einmal,nem_mesmo
argument,at_the_very_least,zumindest,no_mínimo
argument,the_only,die_einzige,o_único
argument,the_only,die_einzige,a_única
argument,at_least,zumindest,pelo_menos
argument,at_the_very_least,zumindest,quando_menos
argument,at_best,bestenfalls,quando_muito
argument,even,gerade,sequer
argument,alone,allein,só
argument,only,nur,somente
argument,besides_that,außerdem,a_par_disso
argument,moreover,außerdem,ademais
argument,after_all,immerhin,afinal
argument,yet,dennoch,ainda
argument,beyond,jenseits,além
argument,moreover,außerdem,aliás
argument,e,e,e
argument,and_not,und_nicht,e_não
argument,in_short,kurz_gesagt,em_suma
argument,at_last,endlich,enfim
argument,but_also,aber_auch,mas_também
argument,let_alone,geschweige_denn,muito_menos
argument,not_only,nicht_nur,não_só
argument,nor,auch_nicht,nem
argument,or,oder,ou_mesmo
argument,by_the_way,uebrigens,por_sinal
argument,moreover,außerdem,também
argument,neither,auch_nicht,tampouco
argument,thus,somit,assim
argument,therefore,daher,com_isso
argument,as_a_consequence,infolgedessen,como_consequência
argument,consequently,folglich,consequentemente
argument,so_that,so_dass,de_modo_que
argument,this_way,auf_diese_weise,deste_modo
argument,as_a_result,infolgedessen,em_decorrência
argument,then,dann,então
argument,logically,logischerweise,logicamente
argument,therefore,daher,logo
argument,that_way,auf_diese_weise,nesse_sentido
argument,for,fuer,pois
argument,because_of,wegen,por_causa
argument,therefore,daher,por_conseguinte
argument,for_this_reason,aus_diesem_grund,por_essa_razão
argument,therefore,daher,por_isso
argument,therefore,daher,portanto
argument,therefore,daher,sendo_assim
argument,or,oder,ou
argument,or,oder,ou_então
argument,or,oder,ou_mesmo
argument,nor,auch_nicht,nem
argument,as_if,als_ob,como_se
argument,on_the_one_hand,einerseits,de_um_lado
argument,on_the_other_hand,andererseits,por_outro_lado
argument,more_than,mehr_als,mais_que
argument,unless,es_sei_denn,menos_que
argument,not_only,nicht_nur,não_só
argument,so_much,so_sehr,tanto
argument,how_much,wie_viel,quanto
argument,so,so,tão
argument,as,wie,como
argument,provided,bereitgestellt,desde_que
argument,otherwise,anderweitig,do_contrário
argument,in_place,an_ort_und_stelle,em_lugar
argument,instead,stattdessen,em_vez
argument,while,waehrend,enquanto
argument,in_this_case,in_diesem_fall,no_caso
argument,when,wann,quando
argument,yourself,selbst,se
argument,in_case,fuer_den_fall,se_acaso
argument,downside,nachteil,senão
argument,somehow,irgendwie,de_certa_forma
argument,that_way,auf_diese_weise,desse_modo
argument,according_to,nach,em_função
argument,while,waehrend,enquanto
argument,that_is,das_heißt,isso_é
argument,since,da,já_que
argument,to_the_extent_that,insoweit_als,na_medida_que
argument,that_way,auf_diese_weise,nessa_direção
argument,in_order,in_der_reihenfolge,no_intuito
argument,in_the_same_vein,in_gleicher_weise,no_mesmo_sentido
argument,that_is,das_heißt,ou_seja
argument,for,fuer,pois
argument,because,denn,porque
argument,who,wer,que
argument,since,da,uma_vez_que
argument,so_much_so_that,so_sehr_dass,tanto_que
argument,since,da,visto_que
argument,although,obwohl,ainda_que
argument,backwards,rueckwaerts,ao_contrário
argument,despite,trotz,apesar_de
argument,conversely,andererseits,contrariamente
argument,yet,dennoch,contudo
argument,although,obwohl,embora
argument,meanwhile,in_der_zwischenzeit,entretanto
argument,otherwise,anderweitig,fora_isso
argument,but,aber,mas
argument,even_if,auch_wenn,mesmo_que
argument,nevertheless,trotzdem,não_obstante
argument,were_it_not_for_that,ohne_das_waere_es_nicht_so,não_fosse_isso
argument,however,jedoch,no_entanto
argument,for_this_purpose,zu_diesem_zweck,para_tanto
argument,on_the_contrary,im_gegenteil,pelo_contrário
argument,in_turn,wiederum,por_sua_vez
argument,but,aber,porém
argument,since,da,posto_que
argument,yet,dennoch,todavia
modalization,think,denken,achar
modalization,advise,beraten,aconselhar
modalization,believe,glauben,acreditar
modalization,apparent,offensichtlich,aparente
modalization,basic,grundlegend,básico
modalization,suffice,ausreichen,bastar
modalization,right,rechts,certo
modalization,clear-cut,klar_umrissen,claro
modalization,convenient,praktisch,conveniente
modalization,believe,glauben,crer
modalization,duty,pflicht,dever
modalization,difficult,schwierig,difícil
modalization,doubt,zweifel,dúvida
modalization,effective,effektiv,efetivo
modalization,expect,erwarten,esperar
modalization,evident,offensichtlich,evidente
modalization,exact,genau,exato
modalization,optional,optional,facultativo
modalization,speak,sprechen,falar
modalization,suit,klage,fato
modalization,fundamental,grundlegend,fundamental
modalization,imagine,sich_einbilden,imaginar
modalization,important,wichtig,importante
modalization,undoubted,zweifellos,indubitável
modalization,undeniable,unbestreitbar,inegável
modalization,fair,fair,justo
modalization,limit,limit,limitar
modalization,logical,logisch,lógico
modalization,natural,natuerlich,natural
modalization,necessary,notwendig,necessário
modalization,deny,leugnen,negar
modalization,mandatory,obligatorisch,obrigatório
modalization,obvious,offensichtlich,óbvio
modalization,opinion,meinung,parecer
modalization,think,denken,pensar
modalization,power,macht,poder
modalization,possible,moeglich,possível
modalization,need,bedarf,precisar
modalization,predominate,vorherrschen,predominar
modalization,presume,annehmen,presumir
modalization,search,suche,procurar
modalization,likely,wahrscheinlich,provável
modalization,can,dose,puder
modalization,real,wirklich,real
modalization,recommend,empfehlen,recomendar
modalization,sure,sicher,seguro
modalization,suppose,annehmen,supor
modalization,perhaps,vielleicht,talvez
modalization,has,hat,tem
modalization,having,habend,tendo
modalization,have,haben,ter
modalization,had,hatte,tinha
modalization,i_had,ich_hatte,tive
modalization,truth,wahrheit,verdade
modalization,decide,entscheiden,decidir
valoration,absolute,absolut,absoluto
valoration,any,irgendeine,algum
valoration,tall,hochgewachsen,alto
valoration,broad,breit,amplo
valoration,approximate,ungefaehr,aproximado
valoration,quite_a_lot,ziemlich_viel,bastante
valoration,good,gut,bem
valoration,good,gut,bom
valoration,emphatic,nachdruecklich,categórico
valoration,fence,zaun,cerca
valoration,complete,vollstaendig,completo
valoration,common,allgemein,comum
valoration,considerable,betraechtlich,considerável
valoration,constant,konstant,constante
valoration,final,endspiel,definitivo
valoration,too_much,zu_viel,demais
valoration,high,hoch,elevado
valoration,huge,riesig,enorme
valoration,scarce,knapp,escasso
valoration,special,speziell,especial
valoration,strict,streng,estrito
valoration,possible,moeglich,eventual
valoration,exaggeration,uebertreibung,exagero
valoration,superb,superb,excelente
valoration,excessive,uebertrieben,excessivo
valoration,exclusive,exklusiv,exclusivo
valoration,expressed,ausgedrueckt,expresso
valoration,extreme,extrem,extremo
valoration,happy,gluecklich,feliz
valoration,frank,offen,franco
valoration,frankness,offenheit,franqueza
valoration,frequent,haeufig,frequente
valoration,widespread,weit_verbreitet,generalizado
valoration,general,allgemein,geral
valoration,big,groß,grande
valoration,immense,immens,imenso
valoration,incredible,unglaublich,incrível
valoration,unfortunate,ungluecklich,lamentável
valoration,light,licht,leve
valoration,majority,mehrheit,maioria
valoration,more,mehr,mais
valoration,evil,boese,mal
valoration,better,besser,melhor
valoration,less,weniger,menos
valoration,mere,nur,mero
valoration,slightest,geringste,mínimo
valoration,minority,minderheit,minoria
valoration,a_lot,oft,muito
valoration,normal,normal,normal
valoration,occasional,gelegentlich,ocasional
valoration,great,großartig,ótimo
valoration,private,privat,particular
valoration,pity,mitleid,pena
valoration,small,klein,pequeno
valoration,sorrow,trauer,pesar
valoration,worst,am_schlimmsten,pior
valoration,full,voll,pleno
valoration,poor,schlecht,pobre
valoration,little,wenig,pouco
valoration,very_little,sehr_wenig,pouquíssimo
valoration,practically,praktisch,praticamente
valoration,pleasure,vergnuegen,prazer
valoration,precise,praezise,preciso
valoration,prefer,bevorzugen,preferir
valoration,principal,auftraggeber,principal
valoration,almost,fast,quase
valoration,rare,selten,raro
valoration,reasonable,vernuenftig,razoável
valoration,relative,relativ,relativo
valoration,rich,reich,rico
valoration,rigour,strenge,rigor
valoration,ever,jemals,sempre
valoration,significant,signifikant,significativo
valoration,simple,einfach,simples
valoration,so_much,so_sehr,tanto
valoration,so,so,tão
valoration,typical,typisch,típico
valoration,full,voll,total
valoration,tremendous,riesig,tremenda
valoration,usual,ueblich,usual
valoration,count,anzahl,valer
sentiment,shake,schuetteln,abalar
sentiment,shoot_down,abschießen,abater
sentiment,abhor,verabscheuen,abominar
sentiment,annoy,veraergern,aborrecer
sentiment,soothe,beruhigen,acalmar
sentiment,coward,feigling,acovardar
sentiment,admire,bewundern,admirar
sentiment,worship,anbetung,adorar
sentiment,afflict,belasten,afligir
sentiment,stir,sich_bewegen,agitar
sentiment,alarm,alarm,alarmar
sentiment,cheer,jubeln,alegrar
sentiment,hallucinate,halluzinieren,alucinar
sentiment,love,liebe,amar
sentiment,aspire,streben,ambicionar
sentiment,frighten,erschrecken,amedrontar
sentiment,grind,schleifen,amolar
sentiment,cheer,jubeln,animar
sentiment,terrify,erschrecken,apavorar
sentiment,appease,besaenftigen,apaziguar
sentiment,upset,veraergert,apoquentar
sentiment,crowd,menge,aporrinhar
sentiment,appreciate,schaetzen,apreciar
sentiment,quiet,ruhig,aquietar
sentiment,repent,bereuen,arrepender
sentiment,haunt,lieblingsort,assombrar
sentiment,frighten,erschrecken,assustar
sentiment,atazanar,atazanar,atazanar
sentiment,frighten,erschrecken,atemorizar
sentiment,terrorize,terrorisieren,aterrorizar
sentiment,stir,sich_bewegen,atiçar
sentiment,stun,betaeuben,atordoar
sentiment,torment,quaelerei,atormentar
sentiment,stun,betaeuben,aturdir
sentiment,azucrinar,azukrinar,azucrinar
sentiment,annoy,veraergern,chatear
sentiment,hatch,klappe,chocar
sentiment,covet,begehren,cobiçar
sentiment,shake,schuetteln,comover
sentiment,comfort,komfort,confortar
sentiment,confuse,verwirren,confundir
sentiment,comfort,komfort,consolar
sentiment,constrain,einschraenken,constranger
sentiment,contemplate,nachdenken,contemplar
sentiment,content,inhalt,contentar
sentiment,contradict,widersprechen,contrariar
sentiment,disturb,stoeren,conturbar
sentiment,enjoy,genießen,curtir
sentiment,weaken,abschwaechen,debilitar
sentiment,let_down,enttaeuschen,decepcionar
sentiment,depreciate,abschreiben,depreciar
sentiment,depress,niederdruecken,deprimir
sentiment,disappoint,enttaeuschen,desapontar
sentiment,displease,missfallen,descontentar
sentiment,get_out_of_hand,außer_kontrolle_geraten,descontrolar
sentiment,wish,wunsch,desejar
sentiment,disenchant,desillusionieren,desencantar
sentiment,discourage,entmutigen,desencorajar
sentiment,despair,verzweiflung,desesperar
sentiment,discourage,entmutigen,desestimular
sentiment,enjoy,genießen,desfrutar
sentiment,dislike,nicht_moegen,desgostar
sentiment,let_down,enttaeuschen,desiludir
sentiment,disinterest,desinteresse,desinteressar
sentiment,dazzle,blendend,deslumbrar
sentiment,disorientate,desorientieren,desorientar
sentiment,despise,verachten,desprezar
sentiment,detest,verabscheuen,detestar
sentiment,distract,ablenken,distrair
sentiment,thrill,nervenkitzel,emocionar
sentiment,excite,anregen,empolgar
sentiment,fall_in_love,sich_verlieben,enamorar
sentiment,delight,freude,encantar
sentiment,encourage,ermutigen,encorajar
sentiment,indebtedness,verschuldung,endividar
sentiment,annoy,veraergern,enervar
sentiment,bewitch,verzaubern,enfeitiçar
sentiment,infuriate,wuetend_machen,enfurecer
sentiment,deceive,taeuschen,enganar
sentiment,rage,wut,enraivecer
sentiment,bore,bohrung,entediar
sentiment,entertain,unterhalten,entreter
sentiment,sadden,traurig_machen,entristecer
sentiment,enthuse,sich_begeistern,entusiasmar
sentiment,embarrass,in_verlegenheit_bringen,envergonhar
sentiment,scandalize,einen_skandal_hervorrufen,escandalizar
sentiment,frighten_away,verscheuchen,espantar
sentiment,estimate,schaetzung,estimar
sentiment,stimulate,anregen,estimular
sentiment,odd,merkwuerdig,estranhar
sentiment,exalt,verherrlichen,exaltar
sentiment,exasperate,veraergern,exasperar
sentiment,excite,anregen,excitar
sentiment,execute,ausfuehren,execrar
sentiment,fascinate,faszinieren,fascinar
sentiment,frustrate,frustrieren,frustar
sentiment,like,wie,gostar
sentiment,enjoy,genießen,gozar
sentiment,grill,grill,grilar
sentiment,harass,belaestigen,hostilizar
sentiment,idolize,vergoettern,idolatrar
sentiment,delude,taeuschen,iludir
sentiment,harass,belaestigen,importunar
sentiment,impress,beeindrucken,impressionar
sentiment,bother,belaestigen,incomodar
sentiment,indign,empoeren,indignar
sentiment,inhibit,hemmen,inibir
sentiment,upset,veraergert,inquietar
sentiment,intimidate,einschuechtern,intimidar
sentiment,intrigue,intrige,intrigar
sentiment,irar,irrar,irar
sentiment,annoy,veraergern,irritar
sentiment,mourn,trauern,lamentar
sentiment,lament,klage,lastimar
sentiment,praise,lob,louvar
sentiment,hurt,verletzt,magoar
sentiment,malquerer,verleumder,malquerer
sentiment,marvel,wunder,maravilhar
sentiment,sore,wund,melindrar
sentiment,belittle,herabsetzen,menosprezar
sentiment,obsess,besessen,obcecar
sentiment,hate,hass,odiar
sentiment,offend,beleidigen,ofender
sentiment,amaze,verblueffen,pasmar
sentiment,forgive,verzeihen,perdoar
sentiment,worry,sorge,preocupar
sentiment,cherish,schaetzen,prezar
sentiment,want,wollen,querer
sentiment,repress,unterdruecken,recalcar
sentiment,be_afraid,angst_haben,recear
sentiment,comfort,komfort,reconfortar
sentiment,reject,ablehnen,rejeitar
sentiment,repel,abwehren,repelir
sentiment,suppress,unterdruecken,reprimir
sentiment,repudiate,ablehnen,repudiar
sentiment,respect,respekt,respeitar
sentiment,worship,anbetung,reverenciar
sentiment,revolt,revolte,revoltar
sentiment,seduce,verfuehren,seduzir
sentiment,raise_awareness,bewusstseinsbildung,sensibilizar
sentiment,calm,ruhig,serenar
sentiment,sympathize,mitfuehlen,simpatizar
sentiment,settle_down,sich_beruhigen,sossegar
sentiment,underestimate,unterschaetzen,subestimar
sentiment,sublimate,sublimieren,sublimar
sentiment,overestimate,ueberbewerten,superestimar
sentiment,amaze,verblueffen,surpreender
sentiment,fear,angst,temer
sentiment,tolerate,tolerieren,tolerar
sentiment,reassure,beruhigen,tranquilizar
sentiment,upset,veraergert,transtornar
sentiment,traumatize,traumatisieren,traumatizar
sentiment,worship,anbetung,venerar
pressuposition,guess,erraten,adivinhar
pressuposition,admit,zugeben,admitir
pressuposition,now,jetzt,agora
pressuposition,bear,baer,aguentar
pressuposition,yet,dennoch,ainda
pressuposition,beforehand,vorher,antes
pressuposition,look_out,aufpassen,atentar
pressuposition,current,aktuell,atual
pressuposition,endure,ertragen,aturar
pressuposition,commence,beginnen,começar
pressuposition,comprehend,verstehen,compreender
pressuposition,get,bekommen,conseguir
pressuposition,note,hinweis,constatar
pressuposition,carry_on,weitermachen,continuar
pressuposition,correct,richtig,corrigir
pressuposition,let,lassen,deixar
pressuposition,demonstrate,demonstrieren,demonstrar
pressuposition,discover,entdecken,descobrir
pressuposition,excuse,entschuldigung,desculpar
pressuposition,since,da,desde
pressuposition,unravel,entwirren,desvendar
pressuposition,detect,erkennen,detectar
pressuposition,understand,verstehen,entender
pressuposition,see,sehen,enxergar
pressuposition,arify,klaeren,esclarecer
pressuposition,listen,zuhoeren,escutar
pressuposition,forget,vergessen,esquecer
pressuposition,brag,prahlen,gabar
pressuposition,ignore,ignorieren,ignorar
pressuposition,commence,beginnen,iniciar
pressuposition,interrupt,unterbrechen,interromper
pressuposition,already,bereits,já
pressuposition,remember,sich_erinnern,lembrar
pressuposition,moment,moment,momento
pressuposition,notice,hinweis,notar
pressuposition,observe,beobachten,observar
pressuposition,look,aussehen,olhar
pressuposition,listen,zuhoeren,ouvir
pressuposition,stop,haltestelle,parar
pressuposition,perceive,wahrnehmen,perceber
pressuposition,miss,verpassen,perder
pressuposition,sense,sinn,pressentir
pressuposition,foresee,voraussehen,prever
pressuposition,acknowledge,bestaetigen,reconhecer
pressuposition,recall,rueckruf,recordar
pressuposition,repair,reparatur,reparar
pressuposition,remove,entfernen,retirar
pressuposition,unveil,enthuellen,revelar
pressuposition,knowledge,wissen,saber
pressuposition,feel,gefuehl,sentir
pressuposition,tolerate,tolerieren,tolerar
pressuposition,treat,leckerbissen,tratar
pressuposition,see,sehen,ver
pressuposition,check,pruefen,verificar