lex,english,german,italian,spanish,portuguese
argument,to_the_point,auf_den_punkt_gebracht,al_punto,hasta_el_punto,a_ponto
argument,at_least,zumindest,come_minimo,como_mínimo,ao_menos
argument,only,nur,solo_che,solamente,apenas
argument,until,bis,fino_a,hasta,até
argument,even,gerade,regolare,empatado,até_mesmo
argument,including,einschließlich,compreso,con_detalle_de,incluindo
argument,inclusive,inklusive,comprensivo,integrador,inclusive
argument,even,gerade,regolare,empatado,mesmo
argument,no_more_than,nicht_mehr_als,non_più_di,no_más_de,não_mais_que
argument,not_even,nicht_einmal,nemmeno,ni_siquiera,nem_mesmo
argument,at_the_very_least,zumindest,per_lo_meno,por_lo_menos,no_mínimo
argument,the_only,die_einzige,l'unica,el_único,o_único
argument,the_only,die_einzige,l'unica,el_único,a_única
argument,at_least,zumindest,come_minimo,como_mínimo,pelo_menos
argument,at_the_very_least,zumindest,per_lo_meno,por_lo_menos,quando_menos
argument,at_best,bestenfalls,al_massimo,en_el_mejor_de_los_casos,quando_muito
argument,even,gerade,regolare,empatado,sequer
argument,alone,allein,singolarmente,solo,só
argument,only,nur,solo_che,solamente,somente
argument,besides_that,außerdem,a_parte_questo,aparte_de_eso,a_par_disso
argument,moreover,außerdem,oltretutto,por_otra_parte,ademais
argument,after_all,immerhin,del_resto,al_fin_y_al_cabo,afinal
argument,yet,dennoch,eppure,sin_embargo,ainda
argument,beyond,jenseits,oltre,más_allá,além
argument,moreover,außerdem,oltretutto,por_otra_parte,aliás
argument,e,e,e,e,e
argument,and_not,und_nicht,e_non,y_no,e_não
argument,in_short,kurz_gesagt,in_breve,en_resumen,em_suma
argument,at_last,endlich,infine,por_fin,enfim
argument,but_also,aber_auch,ma_anche,sino_también,mas_também
argument,let_alone,geschweige_denn,figuriamoci,por_no_hablar_de,muito_menos
argument,not_only,nicht_nur,non_solo,no_sólo,não_só
argument,nor,auch_nicht,né,ni,nem
argument,or,oder,ovvero,o,ou_mesmo
argument,by_the_way,uebrigens,comunque,por_cierto,por_sinal
argument,moreover,außerdem,oltretutto,por_otra_parte,também
argument,neither,auch_nicht,nessuno_dei_due,ninguno_de_los_dos,tampouco
argument,thus,somit,così,por_lo_tanto,assim
argument,therefore,daher,dunque,por_lo_tanto,com_isso
argument,as_a_consequence,infolgedessen,di_conseguenza,como_consecuencia,como_consequência
argument,consequently,folglich,conseguentemente,por_consiguiente,consequentemente
argument,so_that,so_dass,cosicché,para_que,de_modo_que
argument,this_way,auf_diese_weise,tal_modo,de_esta_manera,deste_modo
argument,as_a_result,infolgedessen,perciò,como_resultado,em_decorrência
argument,then,dann,poi,luego,então
argument,logically,logischerweise,logicamente,lógicamente,logicamente
argument,therefore,daher,dunque,por_lo_tanto,logo
argument,that_way,auf_diese_weise,tal_modo,de_esa_forma,nesse_sentido
argument,for,fuer,visto_che,a_favor_de,pois
argument,because_of,wegen,a_causa_di,a_causa_de,por_causa
argument,therefore,daher,dunque,por_lo_tanto,por_conseguinte
argument,for_this_reason,aus_diesem_grund,per_questo_motivo,por_este_motivo,por_essa_razão
argument,therefore,daher,dunque,por_lo_tanto,por_isso
argument,therefore,daher,dunque,por_lo_tanto,portanto
argument,therefore,daher,dunque,por_lo_tanto,sendo_assim
argument,or,oder,ovvero,o,ou
argument,or,oder,ovvero,o,ou_então
argument,or,oder,ovvero,o,ou_mesmo
argument,nor,auch_nicht,né,ni,nem
argument,as_if,als_ob,come_se,como_si,como_se
argument,on_the_one_hand,einerseits,da_un_lato,por_un_lado,de_um_lado
argument,on_the_other_hand,andererseits,d'altra_parte,por_otro_lado,por_outro_lado
argument,more_than,mehr_als,più_di,más_de,mais_que
argument,unless,es_sei_denn,a_meno_che,salvo_que,menos_que
argument,not_only,nicht_nur,non_solo,no_sólo,não_só
argument,so_much,so_sehr,tanto,tanto,tanto
argument,how_much,wie_viel,quanto,cuánto,quanto
argument,so,so,di_modo_che,por_lo_que,tão
argument,as,wie,in_qualità_di,a_medida_que,como
argument,provided,bereitgestellt,a_condizione_che,suministrado,desde_que
argument,otherwise,anderweitig,a_parte_ciò,de_lo_contrario,do_contrário
argument,in_place,an_ort_und_stelle,in_atto,en_su_sitio,em_lugar
argument,instead,stattdessen,invece,en_cambio,em_vez
argument,while,waehrend,lasso_di_tempo,si_bien,enquanto
argument,in_this_case,in_diesem_fall,in_questo_caso,en_este_caso,no_caso
argument,when,wann,quando,cuándo,quando
argument,yourself,selbst,voi_stessi,usted_mismo,se
argument,in_case,fuer_den_fall,nel_caso,por_si,se_acaso
argument,downside,nachteil,rovescio_della_medaglia,aspecto_negativo,senão
argument,somehow,irgendwie,in_qualche_modo,de_alguna_manera,de_certa_forma
argument,that_way,auf_diese_weise,tal_modo,de_esa_forma,desse_modo
argument,according_to,nach,in_base_a,en_base_a,em_função
argument,while,waehrend,lasso_di_tempo,si_bien,enquanto
argument,that_is,das_heißt,cioè,es_decir,isso_é
argument,since,da,poiché,puesto_que,já_que
argument,to_the_extent_that,insoweit_als,nella_misura_in_cui,en_la_medida_en_que,na_medida_que
argument,that_way,auf_diese_weise,tal_modo,de_esa_forma,nessa_direção
argument,in_order,in_der_reihenfolge,nell'ordine,en_orden,no_intuito
argument,in_the_same_vein,in_gleicher_weise,nella_stessa_ottica,del_mismo_modo,no_mesmo_sentido
argument,that_is,das_heißt,cioè,es_decir,ou_seja
argument,for,fuer,visto_che,a_favor_de,pois
argument,because,denn,perché,porque,porque
argument,who,wer,che,quién,que
argument,since,da,poiché,puesto_que,uma_vez_que
argument,so_much_so_that,so_sehr_dass,tanto_che,tanto_es_así_que,tanto_que
argument,since,da,poiché,puesto_que,visto_que
argument,although,obwohl,sebbene,aunque,ainda_que
argument,backwards,rueckwaerts,all'indietro,al_revés,ao_contrário
argument,despite,trotz,malgrado,a_pesar_de,apesar_de
argument,conversely,andererseits,invece,a_la_inversa,contrariamente
argument,yet,dennoch,eppure,sin_embargo,contudo
argument,although,obwohl,sebbene,aunque,embora
argument,meanwhile,in_der_zwischenzeit,nel_frattempo,entretanto,entretanto
argument,otherwise,anderweitig,a_parte_ciò,de_lo_contrario,fora_isso
argument,but,aber,ma,sin_embargo,mas
argument,even_if,auch_wenn,anche_se,aunque,mesmo_que
argument,nevertheless,trotzdem,ciononostante,con_todo_y_eso,não_obstante
argument,were_it_not_for_that,ohne_das_waere_es_nicht_so,se_non_fosse_stato_per_questo,si_no_fuera_por_eso,não_fosse_isso
argument,however,jedoch,in_qualunque_modo,no_obstante,no_entanto
argument,for_this_purpose,zu_diesem_zweck,a_questo_scopo,con_este_propósito,para_tanto
argument,on_the_contrary,im_gegenteil,al_contrario,por_el_contrario,pelo_contrário
argument,in_turn,wiederum,a_sua_volta,uno_por_uno,por_sua_vez
argument,but,aber,ma,sin_embargo,porém
argument,since,da,poiché,puesto_que,posto_que
argument,yet,dennoch,eppure,sin_embargo,todavia
modalization,think,denken,riflettere,creer,achar
modalization,advise,beraten,consigliare,aconsejar,aconselhar
modalization,believe,glauben,pensare,creer,acreditar
modalization,apparent,offensichtlich,apparente,obvio,aparente
modalization,basic,grundlegend,elementare,elemental,básico
modalization,suffice,ausreichen,basti,bastar,bastar
modalization,right,rechts,destro,reparar,certo
modalization,clear-cut,klar_umrissen,chiara,claro,claro
modalization,convenient,praktisch,agevole,cómodo,conveniente
modalization,believe,glauben,pensare,creer,crer
modalization,duty,pflicht,mansione,aranceles,dever
modalization,difficult,schwierig,impegnativa,dificultoso,difícil
modalization,doubt,zweifel,dubbio,dudar,dúvida
modalization,effective,effektiv,effettivo,efectivo,efetivo
modalization,expect,erwarten,aspettarsi,creer,esperar
modalization,evident,offensichtlich,ovvia,incuestionable,evidente
modalization,exact,genau,puntuale,exactos,exato
modalization,optional,optional,facoltative,optativo,facultativo
modalization,speak,sprechen,parlare,hablar,falar
modalization,suit,klage,andare_bene,adecuarse,fato
modalization,fundamental,grundlegend,fondamentale,primordial,fundamental
modalization,imagine,sich_einbilden,immaginarsi,creer,imaginar
modalization,important,wichtig,importante,significativo,importante
modalization,undoubted,zweifellos,indiscussa,indudable,indubitável
modalization,undeniable,unbestreitbar,incontrovertibile,incontestable,inegável
modalization,fair,fair,leale,bueno,justo
modalization,limit,limit,soglia,tope,limitar
modalization,logical,logisch,logico,lógicos,lógico
modalization,natural,natuerlich,naturalistico,innato,natural
modalization,necessary,notwendig,necessario,imprescindible,necessário
modalization,deny,leugnen,negare,renegar,negar
modalization,mandatory,obligatorisch,inderogabile,imperativo,obrigatório
modalization,obvious,offensichtlich,scontate,obvios,óbvio
modalization,opinion,meinung,avviso,postura,parecer
modalization,think,denken,riflettere,creer,pensar
modalization,power,macht,potere,de_energía,poder
modalization,possible,moeglich,fattibile,factible,possível
modalization,need,bedarf,necessitare,menester,precisar
modalization,predominate,vorherrschen,prevalere,predominar,predominar
modalization,presume,annehmen,presumere,presumir,presumir
modalization,search,suche,ricerca,búsqueda,procurar
modalization,likely,wahrscheinlich,verosimilmente,probable,provável
modalization,can,dose,essere_in_grado,bote,puder
modalization,real,wirklich,vero,de_verdad,real
modalization,recommend,empfehlen,raccomandare,aconsejar,recomendar
modalization,sure,sicher,certo,inequívoco,seguro
modalization,suppose,annehmen,supporre,presumir,supor
modalization,perhaps,vielleicht,magari,a_lo_mejor,talvez
modalization,has,hat,ha,tiene,tem
modalization,having,habend,avere,que_tiene,tendo
modalization,have,haben,avere,tener,ter
modalization,had,hatte,avere,tenía,tinha
modalization,i_had,ich_hatte,Ho_avuto,Yo_tenía,tive
modalization,truth,wahrheit,veridicità,verdad,verdade
modalization,decide,entscheiden,decidere,decidir,decidir
valoration,absolute,absolut,imprescindibile,categórico,absoluto
valoration,any,irgendeine,qualcuno,algo_de,algum
valoration,tall,hochgewachsen,alto,altas,alto
valoration,broad,breit,ampia,tía,amplo
valoration,approximate,ungefaehr,approssimato,aproximado,aproximado
valoration,quite_a_lot,ziemlich_viel,un_bel_po'.,bastante,bastante
valoration,good,gut,valido,bueno,bem
valoration,good,gut,valido,bueno,bom
valoration,emphatic,nachdruecklich,enfatico,categórico,categórico
valoration,fence,zaun,staccionata,vallado,cerca
valoration,complete,vollstaendig,completo,íntegro,completo
valoration,common,allgemein,diffuso,corriente,comum
valoration,considerable,betraechtlich,cospicuo,apreciable,considerável
valoration,constant,konstant,costante,ininterrumpido,constante
valoration,final,endspiel,definitivo,colofón,definitivo
valoration,too_much,zu_viel,troppo,demasiado,demais
valoration,high,hoch,elevati,elevado,elevado
valoration,huge,riesig,gigantesca,gigantesco,enorme
valoration,scarce,knapp,scarsa,escaso,escasso
valoration,special,speziell,particolare,especial,especial
valoration,strict,streng,severi,riguroso,estrito
valoration,possible,moeglich,fattibile,factible,eventual
valoration,exaggeration,uebertreibung,esagerazione,engrandecimiento,exagero
valoration,superb,superb,superlativo,soberbio,excelente
valoration,excessive,uebertrieben,eccessive,desmesurado,excessivo
valoration,exclusive,exklusiv,esclusiva,privativo,exclusivo
valoration,expressed,ausgedrueckt,formulata,expresado,expresso
valoration,extreme,extrem,estreme,extremas,extremo
valoration,happy,gluecklich,contenta,afortunado,feliz
valoration,frank,offen,sinceri,honesto,franco
valoration,frankness,offenheit,franchezza,franqueza,franqueza
valoration,frequent,haeufig,assiduo,frecuentar,frequente
valoration,widespread,weit_verbreitet,capillare,difundida,generalizado
valoration,general,allgemein,generale,generalizado,geral
valoration,big,groß,vasto,enorme,grande
valoration,immense,immens,immane,vasto,imenso
valoration,incredible,unglaublich,incredibile,increíbles,incrível
valoration,unfortunate,ungluecklich,deplorevole,desdichado,lamentável
valoration,light,licht,leggero,liviano,leve
valoration,majority,mehrheit,maggioranza,mayoritario,maioria
valoration,more,mehr,di_più,más,mais
valoration,evil,boese,malvagità,malvado,mal
valoration,better,besser,migliore,mejor,melhor
valoration,less,weniger,di_meno,menos,menos
valoration,mere,nur,mero,simple,mero
valoration,slightest,geringste,minima,mínimo,mínimo
valoration,minority,minderheit,minorità,minoritario,minoria
valoration,a_lot,oft,molto,mucho,muito
valoration,normal,normal,normale,habitual,normal
valoration,occasional,gelegentlich,saltuaria,esporádico,ocasional
valoration,great,großartig,fantastica,grandioso,ótimo
valoration,private,privat,privato,reservado,particular
valoration,pity,mitleid,commiserazione,lástima,pena
valoration,small,klein,modesto,banal,pequeno
valoration,sorrow,trauer,cordoglio,angustia,pesar
valoration,worst,am_schlimmsten,peggio,más_grave,pior
valoration,full,voll,completo,completo,pleno
valoration,poor,schlecht,povera,deficiente,pobre
valoration,little,wenig,piccolo,pequeño,pouco
valoration,very_little,sehr_wenig,molto_poco,muy_poco,pouquíssimo
valoration,practically,praktisch,praticamente,prácticamente,praticamente
valoration,pleasure,vergnuegen,godimento,delicia,prazer
valoration,precise,praezise,esatto,exactos,preciso
valoration,prefer,bevorzugen,prediligere,preferir,preferir
valoration,principal,auftraggeber,mandante,principal,principal
valoration,almost,fast,quasi,por_poco,quase
valoration,rare,selten,insolito,infrecuente,raro
valoration,reasonable,vernuenftig,sensata,asequible,razoável
valoration,relative,relativ,parente,pariente,relativo
valoration,rich,reich,facoltoso,acaudalado,rico
valoration,rigour,strenge,severità,severidad,rigor
valoration,ever,jemals,mai,jamás,sempre
valoration,significant,signifikant,significativo,apreciable,significativo
valoration,simple,einfach,semplice,sencillo,simples
valoration,so_much,so_sehr,tanto,tanto,tanto
valoration,so,so,di_modo_che,por_lo_que,tão
valoration,typical,typisch,tipico,típico,típico
valoration,full,voll,completo,completo,total
valoration,tremendous,riesig,tremenda,inmenso,tremenda
valoration,usual,ueblich,solito,corriente,usual
valoration,count,anzahl,computo,cómputo,valer
sentiment,shake,schuetteln,scossa,batir,abalar
sentiment,shoot_down,abschießen,abbattere,derribar,abater
sentiment,abhor,verabscheuen,aborto,aborrecer,abominar
sentiment,annoy,veraergern,seccatura,fastidiar,aborrecer
sentiment,soothe,beruhigen,lenire,calmar,acalmar
sentiment,coward,feigling,vigliacco,cobarde,acovardar
sentiment,admire,bewundern,ammirare,admirar,admirar
sentiment,worship,anbetung,venerazione,adoración,adorar
sentiment,afflict,belasten,afflitto,afligir,afligir
sentiment,stir,sich_bewegen,scalpore,conmoción,agitar
sentiment,alarm,alarm,sveglia,despertador,alarmar
sentiment,cheer,jubeln,tifo,ovación,alegrar
sentiment,hallucinate,halluzinieren,allucinato,alucinar,alucinar
sentiment,love,liebe,affetto,amor,amar
sentiment,aspire,streben,aspirare,aspirar,ambicionar
sentiment,frighten,erschrecken,spaventare,asustar,amedrontar
sentiment,grind,schleifen,routine,moler,amolar
sentiment,cheer,jubeln,tifo,ovación,animar
sentiment,terrify,erschrecken,terrorizzare,aterrorizar,apavorar
sentiment,appease,besaenftigen,calmarsi,apaciguar,apaziguar
sentiment,upset,veraergert,turbata,disgustado,apoquentar
sentiment,crowd,menge,schiera,apiñamiento,aporrinhar
sentiment,appreciate,schaetzen,rivalutarsi,agradecer,apreciar
sentiment,quiet,ruhig,quieta,sosegado,aquietar
sentiment,repent,bereuen,pentirsi,arrepentirse,arrepender
sentiment,haunt,lieblingsort,ritrovo,guarida,assombrar
sentiment,frighten,erschrecken,spaventare,asustar,assustar
sentiment,atazanar,atazanar,atazanar,atazanar,atazanar
sentiment,frighten,erschrecken,spaventare,asustar,atemorizar
sentiment,terrorize,terrorisieren,terrorizzare,aterrorizar,aterrorizar
sentiment,stir,sich_bewegen,scalpore,conmoción,atiçar
sentiment,stun,betaeuben,stordimento,aturdir,atordoar
sentiment,torment,quaelerei,supplizio,tormento,atormentar
sentiment,stun,betaeuben,stordimento,aturdir,aturdir
sentiment,azucrinar,azukrinar,azucrinaro,azucrinar,azucrinar
sentiment,annoy,veraergern,seccatura,fastidiar,chatear
sentiment,hatch,klappe,portello,escotilla,chocar
sentiment,covet,begehren,brama,codiciar,cobiçar
sentiment,shake,schuetteln,scossa,batir,comover
sentiment,comfort,komfort,conforto,consuelo,confortar
sentiment,confuse,verwirren,confondere,desconcertar,confundir
sentiment,comfort,komfort,conforto,consuelo,consolar
sentiment,constrain,einschraenken,costrizione,constreñir,constranger
sentiment,contemplate,nachdenken,contemplare,pensar,contemplar
sentiment,content,inhalt,tenore,contento,contentar
sentiment,contradict,widersprechen,smentire,contradecir,contrariar
sentiment,disturb,stoeren,disturbo,desordenar,conturbar
sentiment,enjoy,genießen,divertirsi,gozar,curtir
sentiment,weaken,abschwaechen,indebolirsi,socavar,debilitar
sentiment,let_down,enttaeuschen,deludere,defraudar,decepcionar
sentiment,depreciate,abschreiben,deprezzarsi,depreciarse,depreciar
sentiment,depress,niederdruecken,premere,reducir,deprimir
sentiment,disappoint,enttaeuschen,amareggiare,defraudar,desapontar
sentiment,displease,missfallen,malcontento,descontento,descontentar
sentiment,get_out_of_hand,außer_kontrolle_geraten,sfuggire_di_mano,irse_de_las_manos,descontrolar
sentiment,wish,wunsch,desiderio,anhelar,desejar
sentiment,disenchant,desillusionieren,disincanto,desengañar,desencantar
sentiment,discourage,entmutigen,scoraggiare,desanimar,desencorajar
sentiment,despair,verzweiflung,sconforto,desesperación,desesperar
sentiment,discourage,entmutigen,scoraggiare,desanimar,desestimular
sentiment,enjoy,genießen,divertirsi,gozar,desfrutar
sentiment,dislike,nicht_moegen,avversione,repugnancia,desgostar
sentiment,let_down,enttaeuschen,deludere,defraudar,desiludir
sentiment,disinterest,desinteresse,disinteresse,desinterés,desinteressar
sentiment,dazzle,blendend,abbagliamento,resplandor,deslumbrar
sentiment,disorientate,desorientieren,disorientare,desorientar,desorientar
sentiment,despise,verachten,disprezzo,despreciar,desprezar
sentiment,detest,verabscheuen,detest,detestar,detestar
sentiment,distract,ablenken,distrarsi,distraer,distrair
sentiment,thrill,nervenkitzel,ebbrezza,estremecimiento,emocionar
sentiment,excite,anregen,eccitarsi,suscitar,empolgar
sentiment,fall_in_love,sich_verlieben,innamorarsi,enamorarse,enamorar
sentiment,delight,freude,godimento,delicia,encantar
sentiment,encourage,ermutigen,incentivare,animar,encorajar
sentiment,indebtedness,verschuldung,indebitamento,endeudamiento,endividar
sentiment,annoy,veraergern,seccatura,fastidiar,enervar
sentiment,bewitch,verzaubern,strega,hechizar,enfeitiçar
sentiment,infuriate,wuetend_machen,infuriare,enfurecer,enfurecer
sentiment,deceive,taeuschen,imbrogliare,engañar,enganar
sentiment,rage,wut,imperversare,rabia,enraivecer
sentiment,bore,bohrung,foro,aburrir,entediar
sentiment,entertain,unterhalten,divertire,recibir,entreter
sentiment,sadden,traurig_machen,triste,entristecer,entristecer
sentiment,enthuse,sich_begeistern,entusiasmante,entusiasmar,entusiasmar
sentiment,embarrass,in_verlegenheit_bringen,imbarazzo,avergonzar,envergonhar
sentiment,scandalize,einen_skandal_hervorrufen,scandalizzare,escandalizar,escandalizar
sentiment,frighten_away,verscheuchen,spaventare_via,ahuyentar,espantar
sentiment,estimate,schaetzung,stima,valoración,estimar
sentiment,stimulate,anregen,incentivare,estimular,estimular
sentiment,odd,merkwuerdig,bizzarro,singular,estranhar
sentiment,exalt,verherrlichen,esaltare,exaltar,exaltar
sentiment,exasperate,veraergern,esasperata,exasperar,exasperar
sentiment,excite,anregen,eccitarsi,suscitar,excitar
sentiment,execute,ausfuehren,espletare,cumplir,execrar
sentiment,fascinate,faszinieren,affascinare,fascinar,fascinar
sentiment,frustrate,frustrieren,frustrato,frustrar,frustar
sentiment,like,wie,tipo,parecido_a,gostar
sentiment,enjoy,genießen,divertirsi,gozar,gozar
sentiment,grill,grill,griglia,parrilla,grilar
sentiment,harass,belaestigen,molestare,acosar,hostilizar
sentiment,idolize,vergoettern,idolatrare,idolatrar,idolatrar
sentiment,delude,taeuschen,illusione,engañar,iludir
sentiment,harass,belaestigen,molestare,acosar,importunar
sentiment,impress,beeindrucken,impressionare,impronta,impressionar
sentiment,bother,belaestigen,seccatura,preocuparse,incomodar
sentiment,indign,empoeren,indignarsi,indignar,indignar
sentiment,inhibit,hemmen,inibire,impedir,inibir
sentiment,upset,veraergert,turbata,disgustado,inquietar
sentiment,intimidate,einschuechtern,intimidire,amedrentar,intimidar
sentiment,intrigue,intrige,intrigo,conspirar,intrigar
sentiment,irar,irrar,ferro,iris,irar
sentiment,annoy,veraergern,seccatura,fastidiar,irritar
sentiment,mourn,trauern,piangere,estar_de_luto,lamentar
sentiment,lament,klage,lamento,lamentar,lastimar
sentiment,praise,lob,elogio,elogio,louvar
sentiment,hurt,verletzt,ferita,apesadumbrado,magoar
sentiment,malquerer,verleumder,malquerer,malquerer,malquerer
sentiment,marvel,wunder,prodigio,prodigio,maravilhar
sentiment,sore,wund,indolenzito,adolorido,melindrar
sentiment,belittle,herabsetzen,sminuire,restar,menosprezar
sentiment,obsess,besessen,ossessione,obsesionar,obcecar
sentiment,hate,hass,odio,odio,odiar
sentiment,offend,beleidigen,offendere,cometer_un_crimen,ofender
sentiment,amaze,verblueffen,stupire,asombrar,pasmar
sentiment,forgive,verzeihen,perdonare,perdonar,perdoar
sentiment,worry,sorge,preoccupazione,preocuparse,preocupar
sentiment,cherish,schaetzen,preziose,apreciar,prezar
sentiment,want,wollen,volere,deseo,querer
sentiment,repress,unterdruecken,reprimere,reprimir,recalcar
sentiment,be_afraid,angst_haben,avere_paura,tener_miedo,recear
sentiment,comfort,komfort,conforto,consuelo,reconfortar
sentiment,reject,ablehnen,scarto,marginado,rejeitar
sentiment,repel,abwehren,respingere,repelerse,repelir
sentiment,suppress,unterdruecken,reprimere,reprimir,reprimir
sentiment,repudiate,ablehnen,rinnegare,negar,repudiar
sentiment,respect,respekt,stima,respetar,respeitar
sentiment,worship,anbetung,venerazione,adoración,reverenciar
sentiment,revolt,revolte,insurrezione,sublevarse,revoltar
sentiment,seduce,verfuehren,sedurre,seducir,seduzir
sentiment,raise_awareness,bewusstseinsbildung,sensibilizzare_l'opinione_pubblica,sensibilizar,sensibilizar
sentiment,calm,ruhig,sereno,sosiego,serenar
sentiment,sympathize,mitfuehlen,simpatizzare,simpatizar,simpatizar
sentiment,settle_down,sich_beruhigen,stabilirsi,calmarse,sossegar
sentiment,underestimate,unterschaetzen,sottostima,subestimar,subestimar
sentiment,sublimate,sublimieren,sublimato,sublimar,sublimar
sentiment,overestimate,ueberbewerten,sopravvalutazione,sobrevaloración,superestimar
sentiment,amaze,verblueffen,stupire,asombrar,surpreender
sentiment,fear,angst,timore,temerse,temer
sentiment,tolerate,tolerieren,tollerare,aguantar,tolerar
sentiment,reassure,beruhigen,rassicurare,tranquilizar,tranquilizar
sentiment,upset,veraergert,turbata,disgustado,transtornar
sentiment,traumatize,traumatisieren,traumatizzare,traumatizar,traumatizar
sentiment,worship,anbetung,venerazione,adoración,venerar
pressuposition,guess,erraten,congettura,conjetura,adivinhar
pressuposition,admit,zugeben,ammettere,dejar_entrar,admitir
pressuposition,now,jetzt,adesso,ahora,agora
pressuposition,bear,baer,orso,dar_a_luz,aguentar
pressuposition,yet,dennoch,eppure,sin_embargo,ainda
pressuposition,beforehand,vorher,in_anticipo,de_antemano,antes
pressuposition,look_out,aufpassen,guardare_fuori,estar_atento,atentar
pressuposition,current,aktuell,vigente,corriente,atual
pressuposition,endure,ertragen,durare,aguantar,aturar
pressuposition,commence,beginnen,cominciare,comenzar,começar
pressuposition,comprehend,verstehen,comprendere,concebir,compreender
pressuposition,get,bekommen,diventare,conseguir,conseguir
pressuposition,note,hinweis,banconota,apuntar,constatar
pressuposition,carry_on,weitermachen,continuare,seguir_adelante,continuar
pressuposition,correct,richtig,esatta,correctos,corrigir
pressuposition,let,lassen,lasciare,dejar,deixar
pressuposition,demonstrate,demonstrieren,dimostrare,manifestar,demonstrar
pressuposition,discover,entdecken,scoprire,darse_cuenta_de,descobrir
pressuposition,excuse,entschuldigung,pretesto,disculpar,desculpar
pressuposition,since,da,poiché,puesto_que,desde
pressuposition,unravel,entwirren,dipanarsi,desentrañar,desvendar
pressuposition,detect,erkennen,individuare,notar,detectar
pressuposition,understand,verstehen,capire,imaginar,entender
pressuposition,see,sehen,vedere,sede,enxergar
pressuposition,arify,klaeren,chiarire,esclarecer,esclarecer
pressuposition,listen,zuhoeren,ascolto,prestar_atención,escutar
pressuposition,forget,vergessen,dimenticarsi,olvidar,esquecer
pressuposition,brag,prahlen,vantarsi,fanfarronear,gabar
pressuposition,ignore,ignorieren,ignorare,pasar_por_alto,ignorar
pressuposition,commence,beginnen,cominciare,comenzar,iniciar
pressuposition,interrupt,unterbrechen,interrompere,interrumpir,interromper
pressuposition,already,bereits,già,de_por_sí,já
pressuposition,remember,sich_erinnern,ricordare,acordarse,lembrar
pressuposition,moment,moment,attimo,ocasión,momento
pressuposition,notice,hinweis,avviso,letrero,notar
pressuposition,observe,beobachten,seguire,guardar,observar
pressuposition,look,aussehen,occhiata,aspecto,olhar
pressuposition,listen,zuhoeren,ascolto,prestar_atención,ouvir
pressuposition,stop,haltestelle,arrestarsi,detenerse,parar
pressuposition,perceive,wahrnehmen,avvertire,concebir,perceber
pressuposition,miss,verpassen,insuccesso,pasar_por_alto,perder
pressuposition,sense,sinn,accezione,sentir,pressentir
pressuposition,foresee,voraussehen,prevedere,prever,prever
pressuposition,acknowledge,bestaetigen,riconoscere,reconocer,reconhecer
pressuposition,recall,rueckruf,richiamo,retiro,recordar
pressuposition,repair,reparatur,riparazione,remediar,reparar
pressuposition,remove,entfernen,allontanare,quitar,retirar
pressuposition,unveil,enthuellen,svelare,descubrir,revelar
pressuposition,knowledge,wissen,consapevolezza,conocimiento,saber
pressuposition,feel,gefuehl,sensazione,estar,sentir
pressuposition,tolerate,tolerieren,tollerare,aguantar,tolerar
pressuposition,treat,leckerbissen,chicca,obsequiar,tratar
pressuposition,see,sehen,vedere,sede,ver
pressuposition,check,pruefen,assegno,chequeo,verificar